{"dice_coef": [0.10656571388244629, 0.16331839561462402, 0.4457828402519226, 0.4777644872665405], "iou_metric": [0.0565287247300148, 0.09243950247764587, 0.28708338737487793, 0.3140081763267517], "loss": [1.5346232652664185, 1.1629573106765747, 0.6899060606956482, 0.6631765961647034], "val_dice_coef": [0.04131437465548515, 0.43987083435058594, 0.4704887866973877, 0.49363934993743896], "val_iou_metric": [0.021148458123207092, 0.2821351885795593, 0.30772918462753296, 0.328152596950531], "val_loss": [1.369362711906433, 0.6792470812797546, 0.6617688536643982, 0.6120352745056152]}