{"dice_coef": [0.545466959476471, 0.6348710656166077, 0.6450003385543823], "iou_metric": [0.3805094063282013, 0.46519842743873596, 0.476100891828537], "loss": [0.8684493899345398, 0.6922134757041931, 0.670811653137207], "val_dice_coef": [0.6084244251251221, 0.6246048808097839, 0.6300229430198669], "val_iou_metric": [0.4395955502986908, 0.45625320076942444, 0.4623037278652191], "val_loss": [0.7133808732032776, 0.7075976729393005, 0.6661103963851929]}