{"dice_coef": [0.5274814367294312, 0.6301268935203552, 0.6434705257415771, 0.6507531404495239, 0.652165949344635, 0.6599934101104736, 0.6638767123222351, 0.6673265695571899, 0.6669526100158691, 0.6700302362442017, 0.6522379517555237, 0.6640210747718811, 0.6695454716682434, 0.671251654624939, 0.6728730201721191, 0.6748684644699097, 0.6735768914222717, 0.6754745244979858, 0.6776056289672852, 0.677338719367981, 0.6788889765739441, 0.6793517470359802, 0.6795021295547485, 0.6809220314025879, 0.6806648969650269, 0.681996762752533, 0.6721583604812622, 0.6678980588912964, 0.6783809065818787, 0.679975688457489, 0.6815470457077026, 0.6817502975463867, 0.6827525496482849, 0.683131217956543, 0.6793580651283264, 0.6830464005470276, 0.6835595369338989, 0.684228241443634, 0.6843444108963013, 0.6839572191238403, 0.6828785538673401, 0.6840664148330688, 0.6851102709770203, 0.6849257349967957, 0.6862099170684814, 0.6856499910354614, 0.6863681077957153, 0.6867522597312927, 0.6872435808181763, 0.6881827712059021, 0.6876019239425659, 0.6880948543548584, 0.6884605884552002, 0.6878597736358643, 0.6882131099700928, 0.6891257762908936, 0.6883817315101624, 0.6875766515731812, 0.6844249963760376, 0.6878902912139893, 0.68808913230896, 0.6899482607841492, 0.6902262568473816, 0.6898850202560425, 0.6739426255226135, 0.6840274333953857, 0.6866754293441772, 0.6885083913803101, 0.6885281205177307, 0.6894728541374207, 0.6904119849205017, 0.6906037926673889, 0.6913011074066162, 0.6849272847175598, 0.6898393630981445, 0.6907302141189575, 0.6911395192146301, 0.6907007098197937, 0.6919798254966736, 0.6916207075119019, 0.6921381950378418, 0.6923385858535767, 0.691916286945343, 0.6926594972610474, 0.6930725574493408, 0.6931748986244202, 0.6936790943145752, 0.6932903528213501, 0.6939843893051147, 0.693816602230072, 0.6934441328048706, 0.6936448812484741, 0.6950029134750366, 0.694671630859375, 0.6952192783355713, 0.6947726011276245, 0.6956939101219177, 0.6925771236419678, 0.6942195892333984, 0.6946621537208557], "iou_metric": [0.36270585656166077, 0.46012112498283386, 0.4744400382041931, 0.48236024379730225, 0.4840167164802551, 0.4925902187824249, 0.4969099760055542, 0.5007856488227844, 0.5003789663314819, 0.5038295388221741, 0.4843458831310272, 0.49710243940353394, 0.5032945275306702, 0.5052809119224548, 0.5070745944976807, 0.509315550327301, 0.5079002976417542, 0.5100143551826477, 0.5124444961547852, 0.5121386647224426, 0.5139288902282715, 0.5144514441490173, 0.5146502256393433, 0.5162485241889954, 0.5159586071968079, 0.5175034999847412, 0.5064399242401123, 0.5015491247177124, 0.5133500695228577, 0.5151591300964355, 0.5169727206230164, 0.5172222852706909, 0.5183520913124084, 0.5187947154045105, 0.5144568085670471, 0.5186980962753296, 0.519298791885376, 0.5200576186180115, 0.520184338092804, 0.5197543501853943, 0.518516480922699, 0.5198690891265869, 0.5210789442062378, 0.5208567380905151, 0.5223713517189026, 0.5217100977897644, 0.5225377678871155, 0.5229758620262146, 0.5235536098480225, 0.5246646404266357, 0.5239580869674683, 0.5245361924171448, 0.524955689907074, 0.5242798924446106, 0.5246691107749939, 0.5257276892662048, 0.5248827338218689, 0.5239395499229431, 0.520301878452301, 0.524303674697876, 0.5245272517204285, 0.5267113447189331, 0.5270147323608398, 0.5266180634498596, 0.5085557103157043, 0.5198212265968323, 0.5228959918022156, 0.5250195264816284, 0.5250434279441833, 0.5261557698249817, 0.5272248387336731, 0.5274598598480225, 0.5282929539680481, 0.5208791494369507, 0.5265546441078186, 0.5276076197624207, 0.5280764102935791, 0.5275933742523193, 0.5290573239326477, 0.5286511778831482, 0.5292535424232483, 0.5294879674911499, 0.5289974808692932, 0.5298579931259155, 0.530341386795044, 0.5304648280143738, 0.5310561656951904, 0.5306078791618347, 0.5314152836799622, 0.5312279462814331, 0.5307820439338684, 0.5310436487197876, 0.53261798620224, 0.5322062373161316, 0.5328639149665833, 0.532347559928894, 0.5334232449531555, 0.5297731161117554, 0.5316929817199707, 0.5322107672691345], "loss": [0.903057873249054, 0.6995478272438049, 0.6735758781433105, 0.6563560962677002, 0.6552507877349854, 0.6381356716156006, 0.6293106079101562, 0.6233827471733093, 0.6237660646438599, 0.617933452129364, 0.6569967269897461, 0.6289438009262085, 0.6202602982521057, 0.6140774488449097, 0.6138904094696045, 0.6075864434242249, 0.612538754940033, 0.6062649488449097, 0.6018389463424683, 0.602564811706543, 0.5987258553504944, 0.5978507399559021, 0.5967453122138977, 0.5955877900123596, 0.595072329044342, 0.594039261341095, 0.6142220497131348, 0.6270717978477478, 0.602958619594574, 0.598106324672699, 0.5949302911758423, 0.5928354263305664, 0.5914870500564575, 0.5903403162956238, 0.5993130803108215, 0.5913658142089844, 0.5895918607711792, 0.5885029435157776, 0.588140070438385, 0.589877724647522, 0.5926885008811951, 0.588792085647583, 0.5873522162437439, 0.5873808860778809, 0.5859206914901733, 0.5849930644035339, 0.5845094323158264, 0.5833165049552917, 0.5823337435722351, 0.5816335678100586, 0.5813928246498108, 0.5806592106819153, 0.5804111361503601, 0.5805408358573914, 0.5802168250083923, 0.5789133906364441, 0.5792325139045715, 0.5821773409843445, 0.5895102024078369, 0.5817312002182007, 0.5813212394714355, 0.5784337520599365, 0.5771575570106506, 0.5772851705551147, 0.6130950450897217, 0.5901227593421936, 0.5841255187988281, 0.5799033641815186, 0.579288899898529, 0.5773299932479858, 0.5764350295066833, 0.5758917927742004, 0.5754234790802002, 0.5885010957717896, 0.5779630541801453, 0.5762880444526672, 0.5754240155220032, 0.5749151706695557, 0.5736334919929504, 0.5736883878707886, 0.5732060074806213, 0.5722295641899109, 0.5738192200660706, 0.5718129277229309, 0.5710141658782959, 0.5708227753639221, 0.570545494556427, 0.5699048638343811, 0.5703206658363342, 0.5706747770309448, 0.5702652931213379, 0.5694282650947571, 0.5684545040130615, 0.5683133602142334, 0.5680570006370544, 0.5677304267883301, 0.5672036409378052, 0.5730474591255188, 0.5687436461448669, 0.5682258605957031],