{"dice_coef": [0.3460467755794525], "iou_metric": [0.22495126724243164], "loss": [0.9812511205673218], "val_dice_coef": [0.031016966328024864], "val_iou_metric": [0.015867942944169044], "val_loss": [2.0401413440704346]}