{"dice_coef": [0.3120037317276001, 0.4355964660644531], "iou_metric": [0.19935880601406097, 0.2953955829143524], "loss": [0.9092293381690979, 0.7814760208129883], "val_dice_coef": [0.4473845064640045, 0.5064358115196228], "val_iou_metric": [0.28980088233947754, 0.34040161967277527], "val_loss": [0.9292351007461548, 0.7663683891296387]}