{"dice_coef": [0.26497596502304077, 0.3035350739955902, 0.38925981521606445, 0.4315023422241211, 0.4203434884548187, 0.45191535353660583, 0.4613012671470642, 0.48335546255111694], "iou_metric": [0.15290383994579315, 0.18055039644241333, 0.2422110140323639, 0.2751639783382416, 0.26623159646987915, 0.29194965958595276, 0.2998906373977661, 0.3189302682876587], "loss": [1.4176361560821533, 1.2433890104293823, 1.0442626476287842, 0.9969273209571838, 0.9704822897911072, 0.9443666934967041, 0.9166487455368042, 0.9026787877082825], "val_dice_coef": [0.20247243344783783, 0.31898969411849976, 0.4107430577278137, 0.3931655287742615, 0.4252687692642212, 0.42323166131973267, 0.44530990719795227, 0.4523440897464752], "val_iou_metric": [0.11292469501495361, 0.19010141491889954, 0.2596368193626404, 0.24567286670207977, 0.2711679935455322, 0.26979902386665344, 0.28805750608444214, 0.2940106987953186], "val_loss": [1.4036328792572021, 1.271562933921814, 1.132027506828308, 1.0864360332489014, 1.0815852880477905, 1.0190998315811157, 0.9953039288520813, 0.963106095790863]}