{"dice_coef": [0.3025047183036804], "iou_metric": [0.18824924528598785], "loss": [0.9641567468643188], "val_dice_coef": [0.41461291909217834], "val_iou_metric": [0.27281391620635986], "val_loss": [0.7158474922180176]}