{"dice_coef": [0.4275287389755249, 0.6689525842666626, 0.7459242939949036, 0.7754388451576233, 0.8321223258972168, 0.7810479998588562, 0.8570148944854736, 0.8668689727783203], "iou_metric": [0.2878892421722412, 0.5044701099395752, 0.5966705083847046, 0.6344141960144043, 0.7134526371955872, 0.6446117758750916, 0.7505152821540833, 0.7658994197845459], "loss": [0.7872793078422546, 0.45089417695999146, 0.35550713539123535, 0.30432090163230896, 0.22754859924316406, 0.3127991855144501, 0.19698815047740936, 0.18630047142505646], "val_dice_coef": [0.6168915629386902, 0.6600749492645264, 0.6801480650901794, 0.6968719959259033, 0.7193994522094727, 0.6986977458000183, 0.7445082068443298, 0.7299157977104187], "val_iou_metric": [0.47771868109703064, 0.5263054370880127, 0.5493532419204712, 0.5684258341789246, 0.5965911149978638, 0.5706257820129395, 0.6265501976013184, 0.6014066934585571], "val_loss": [0.5322484374046326, 0.4728025197982788, 0.47491955757141113, 0.41229671239852905, 0.40036195516586304, 0.4307885766029358, 0.41423287987709045, 0.38725727796554565]}