{"dice_coef": [0.2883864641189575, 0.34452733397483826, 0.42114824056625366, 0.44296178221702576, 0.46405550837516785, 0.48388388752937317, 0.5214548110961914, 0.5460548400878906, 0.5560967326164246, 0.559496283531189, 0.5667190551757812, 0.5541327595710754, 0.5659347176551819, 0.5747417211532593, 0.5744644999504089, 0.5816035866737366, 0.5815402269363403, 0.5817700624465942, 0.5791856050491333, 0.5807399749755859, 0.5867031812667847, 0.585610568523407, 0.5853962898254395, 0.5906063318252563, 0.5900098085403442, 0.591789960861206, 0.589076042175293, 0.5921130180358887, 0.5941324830055237, 0.595946729183197, 0.5940937995910645, 0.5957554578781128, 0.5969648361206055, 0.5964640974998474, 0.5999225378036499, 0.5961576700210571, 0.5902655124664307, 0.5955577492713928, 0.5992963910102844, 0.6000983715057373, 0.6017530560493469, 0.5988882184028625, 0.6024773120880127, 0.603038489818573, 0.6001034379005432, 0.6023737192153931, 0.603254497051239, 0.6021073460578918, 0.6040801405906677, 0.6063066720962524, 0.6042154431343079, 0.6058821678161621, 0.6074135899543762, 0.6088528037071228, 0.6092381477355957, 0.6070233583450317, 0.5976788997650146, 0.5965563654899597, 0.5946084856987, 0.6015687584877014, 0.6027305126190186, 0.6065969467163086, 0.6073639392852783, 0.606774091720581, 0.609756588935852, 0.6097687482833862, 0.6113385558128357, 0.6113135814666748, 0.611464262008667, 0.6132367849349976, 0.6140043139457703, 0.6137439012527466, 0.6146852374076843, 0.6155669093132019, 0.6156258583068848, 0.6164454221725464, 0.615415632724762, 0.6159657835960388, 0.6176490783691406, 0.6168244481086731, 0.6171213388442993, 0.6131845712661743, 0.6149177551269531, 0.6162824630737305, 0.6181972026824951, 0.6150129437446594, 0.615209698677063, 0.6151539087295532, 0.6164529323577881, 0.6142773032188416, 0.6179290413856506, 0.6189616918563843, 0.6202033162117004, 0.6159853935241699, 0.6201872825622559, 0.6207832098007202, 0.6198039650917053, 0.6209766864776611, 0.6218435764312744, 0.6215608716011047], "iou_metric": [0.16984441876411438, 0.20909985899925232, 0.2670806646347046, 0.2847122550010681, 0.30233702063560486, 0.3191835880279541, 0.35275569558143616, 0.3756043016910553, 0.3851431906223297, 0.38848239183425903, 0.39546605944633484, 0.38377612829208374, 0.39470869302749634, 0.40330612659454346, 0.4030241370201111, 0.4100688397884369, 0.41000640392303467, 0.41024452447891235, 0.4078367352485657, 0.4092785120010376, 0.4151490330696106, 0.41405218839645386, 0.4138624370098114, 0.41907328367233276, 0.4184836149215698, 0.42027074098587036, 0.417538583278656, 0.420582115650177, 0.42264896631240845, 0.42447909712791443, 0.4226421117782593, 0.4242600202560425, 0.42551085352897644, 0.4249936640262604, 0.4285011887550354, 0.4247065484523773, 0.41882550716400146, 0.42410799860954285, 0.42786574363708496, 0.42869362235069275, 0.43039533495903015, 0.4274797737598419, 0.43110913038253784, 0.4317166805267334, 0.4287438988685608, 0.43104952573776245, 0.4319296181201935, 0.4307894706726074, 0.43276673555374146, 0.43507277965545654, 0.43292370438575745, 0.4346170723438263, 0.43618687987327576, 0.43767744302749634, 0.4380859136581421, 0.43579500913619995, 0.4265226721763611, 0.42517808079719543, 0.42315977811813354, 0.43018531799316406, 0.43139928579330444, 0.4353772699832916, 0.4361385107040405, 0.43553462624549866, 0.4386328160762787, 0.4386513829231262, 0.4402812421321869, 0.4402393400669098, 0.44037944078445435, 0.44222426414489746, 0.4430127739906311, 0.4427632689476013, 0.44375088810920715, 0.44464799761772156, 0.44470375776290894, 0.44556909799575806, 0.44453057646751404, 0.44507089257240295, 0.4468304514884949, 0.44597381353378296, 0.4462873339653015, 0.44219398498535156, 0.44399571418762207, 0.44540971517562866, 0.4473976790904999, 0.4440838098526001, 0.44433480501174927, 0.4442206919193268, 0.445578396320343, 0.4433206021785736, 0.4471236765384674, 0.44820263981819153, 0.44950124621391296, 0.44513559341430664, 0.4494806230068207, 0.45012611150741577, 0.4490777850151062, 0.45031431317329407, 0.45122581720352173, 0.45092499256134033], "loss": [1.3791531324386597, 1.1322821378707886, 1.0290449857711792, 0.9824870824813843, 0.954232931137085, 0.9106662273406982, 0.85700923204422, 0.8243767023086548, 0.7998953461647034, 0.7932462096214294, 0.7761574387550354, 0.8176968693733215, 0.7862873077392578, 0.7723660469055176, 0.7632108330726624, 0.7551182508468628, 0.7500107884407043, 0.7528277635574341, 0.7680121064186096, 0.7526084780693054, 0.7460306882858276, 0.7441465854644775, 0.7443927526473999, 0.7372642159461975, 0.732612133026123, 0.7401756644248962, 0.7368398308753967, 0.730620265007019, 0.7271261215209961, 0.7256848812103271, 0.7265073657035828, 0.7249158024787903, 0.7220935225486755, 0.7213352918624878, 0.7177702188491821, 0.7339486479759216, 0.7301350235939026, 0.7233843803405762, 0.7187565565109253, 0.7141103744506836, 0.7126045823097229, 0.7170406579971313, 0.710874617099762, 0.7096477150917053, 0.7161964178085327, 0.7106941342353821, 0.7116104960441589, 0.7105543613433838, 0.7052818536758423, 0.7056182622909546, 0.7065752744674683, 0.7040594220161438, 0.7003112435340881, 0.6996520757675171, 0.6965208649635315, 0.7000964283943176, 0.7229530811309814, 0.73005610704422, 0.7229909300804138, 0.7147352695465088, 0.7098428010940552, 0.7029434442520142, 0.7021511793136597, 0.7014731764793396, 0.6993711590766907, 0.6960919499397278, 0.6939868927001953, 0.693516731262207, 0.6925738453865051, 0.6911588311195374, 0.68889981508255, 0.6878283619880676, 0.6880518198013306, 0.6863675713539124, 0.6852030158042908, 0.6844276785850525, 0.6857892274856567, 0.6848692893981934, 0.6826381683349609, 0.6836962699890137, 0.6833563446998596, 0.6926625370979309, 0.6857994198799133, 0.6827828884124756, 0.6813101768493652, 0.6909435987472534, 0.6892738938331604, 0.6885170340538025, 0.6864315271377563, 0.6897605061531067, 0.6837902665138245, 0.6805986166000366, 0.6776846051216125, 0.6829890012741089, 0.6799615025520325, 0.6773480772972107, 0.6790533065795898, 0.6750985383987427, 0.6754052639007568, 0.6773664355278015],