{"dice_coef": [0.4009498655796051, 0.5480731725692749], "iou_metric": [0.2533380389213562, 0.3781990706920624], "loss": [1.1050642728805542, 0.8178699612617493], "val_dice_coef": [0.4732356667518616, 0.5583569407463074], "val_iou_metric": [0.3112218976020813, 0.3888861835002899], "val_loss": [0.9725273847579956, 0.8455854654312134]}