{"dice_coef": [0.0917549580335617], "iou_metric": [0.04830481857061386], "loss": [1.5218985080718994], "val_dice_coef": [0.10027191042900085], "val_iou_metric": [0.053209640085697174], "val_loss": [1.2271183729171753]}