{"dice_coef": [0.4143955111503601, 0.6670227646827698, 0.752402126789093, 0.7647145390510559, 0.8093967437744141, 0.834561824798584, 0.8502215147018433, 0.8765525817871094, 0.8371075391769409, 0.8769165873527527, 0.8912922739982605, 0.9037419557571411, 0.8902416229248047, 0.914379894733429, 0.9152061343193054, 0.9255242347717285, 0.922199547290802, 0.928592324256897, 0.9359918832778931, 0.9409033060073853], "iou_metric": [0.2773311734199524, 0.5022066831588745, 0.6038385629653931, 0.6195294857025146, 0.6800397634506226, 0.7163143157958984, 0.7398492097854614, 0.7803720831871033, 0.7208139300346375, 0.7809637784957886, 0.804061233997345, 0.8245280385017395, 0.8026070594787598, 0.8423029184341431, 0.8437613248825073, 0.86139976978302, 0.8557119369506836, 0.8667866587638855, 0.8797599673271179, 0.8884198069572449], "loss": [0.8298112750053406, 0.46590542793273926, 0.3515056371688843, 0.3234207332134247, 0.26799696683883667, 0.22920578718185425, 0.20855750143527985, 0.17035847902297974, 0.2316165268421173, 0.17263157665729523, 0.15276490151882172, 0.134272038936615, 0.15521551668643951, 0.12120713293552399, 0.11884745955467224, 0.10530222207307816, 0.10977710038423538, 0.10130181908607483, 0.09101060032844543, 0.08360877633094788], "val_dice_coef": [0.604698657989502, 0.7165868878364563, 0.7361705303192139, 0.7831484079360962, 0.7509394884109497, 0.8220672607421875, 0.8377436399459839, 0.8091428279876709, 0.8307356834411621, 0.8254339098930359, 0.8548284769058228, 0.842478334903717, 0.8534389138221741, 0.855057954788208, 0.8661038279533386, 0.8732529282569885, 0.8507437705993652, 0.8737272024154663, 0.8760389685630798, 0.872202455997467], "val_iou_metric": [0.44480764865875244, 0.5686614513397217, 0.5933976173400879, 0.6534832119941711, 0.6087923049926758, 0.7088798880577087, 0.7304889559745789, 0.6932615041732788, 0.7207356095314026, 0.7121503353118896, 0.7558369040489197, 0.7395456433296204, 0.7534695267677307, 0.7544585466384888, 0.7737889885902405, 0.7837471961975098, 0.7474656105041504, 0.7854821085929871, 0.7882715463638306, 0.7830177545547485], "val_loss": [0.5602249503135681, 0.3559947609901428, 0.33842048048973083, 0.2758033573627472, 0.3162386119365692, 0.22979483008384705, 0.2059345543384552, 0.2736522853374481, 0.21434757113456726, 0.22068999707698822, 0.18428000807762146, 0.21176590025424957, 0.1901012510061264, 0.19406189024448395, 0.17044857144355774, 0.16276755928993225, 0.20280931890010834, 0.1638832539319992, 0.160671666264534, 0.1679951399564743]}