{"dice_coef": [0.4649198055267334, 0.676079273223877, 0.7582448720932007, 0.7740741968154907, 0.8279587030410767, 0.8557795286178589, 0.8596879839897156, 0.8785480260848999, 0.8915113806724548, 0.8991948366165161, 0.9021474719047546, 0.9093605875968933, 0.9165765047073364, 0.9232703447341919, 0.9276480674743652, 0.9331604242324829, 0.9261968731880188, 0.9275719523429871, 0.9324625134468079, 0.938019335269928, 0.9440885186195374, 0.946523129940033, 0.9497101306915283, 0.949338436126709, 0.9520634412765503, 0.9489251971244812, 0.9547327756881714, 0.9561500549316406, 0.9548083543777466, 0.9596632719039917, 0.9600587487220764, 0.9612855315208435, 0.9629372954368591, 0.9641215801239014, 0.964874267578125, 0.9626092314720154, 0.9660578966140747, 0.9660731554031372, 0.9664490818977356, 0.9675480723381042], "iou_metric": [0.31283339858055115, 0.5122004747390747, 0.6114116311073303, 0.6325732469558716, 0.7066838145256042, 0.7480745911598206, 0.7540980577468872, 0.7835620045661926, 0.8043646216392517, 0.8169274926185608, 0.8217803239822388, 0.8338844776153564, 0.8460589051246643, 0.8575146198272705, 0.8651075959205627, 0.8747241497039795, 0.862615704536438, 0.8649793267250061, 0.8735419511795044, 0.8833060264587402, 0.8941114544868469, 0.8984915614128113, 0.9042521715164185, 0.903584361076355, 0.9085318446159363, 0.9028531312942505, 0.9134016633033752, 0.9160069227218628, 0.9135560393333435, 0.9224711656570435, 0.9231975078582764, 0.9254652857780457, 0.9285290837287903, 0.9307347536087036, 0.9321401715278625, 0.9279369115829468, 0.9343475103378296, 0.9343859553337097, 0.9350888133049011, 0.9371466040611267], "loss": [0.7646451592445374, 0.4652149975299835, 0.3402447998523712, 0.31392669677734375, 0.24258558452129364, 0.2017977386713028, 0.1978379338979721, 0.17201872169971466, 0.15382397174835205, 0.1418994814157486, 0.13793279230594635, 0.12706725299358368, 0.11851628869771957, 0.10763859748840332, 0.10188714414834976, 0.09495612978935242, 0.10534153133630753, 0.10265927761793137, 0.09503066539764404, 0.08810331672430038, 0.07931198924779892, 0.07566056400537491, 0.07151000201702118, 0.07201193273067474, 0.06729766726493835, 0.07267636060714722, 0.06445261090993881, 0.061897680163383484, 0.06377759575843811, 0.057467784732580185, 0.05614745616912842, 0.05455368012189865, 0.052282482385635376, 0.05054735764861107, 0.0496663823723793, 0.05306994542479515, 0.04793192073702812, 0.04803796485066414, 0.04753929004073143, 0.045927245169878006], "val_dice_coef": [0.6874164938926697, 0.7495213747024536, 0.7778233289718628, 0.7669550180435181, 0.8036242723464966, 0.8208405375480652, 0.8120101690292358, 0.8116527795791626, 0.8260825872421265, 0.8619210124015808, 0.8113101720809937, 0.8591654896736145, 0.8695169687271118, 0.8565213084220886, 0.8656425476074219, 0.8849939107894897, 0.8595393896102905, 0.847601056098938, 0.8910961151123047, 0.8588885068893433, 0.8682347536087036, 0.8700436353683472, 0.8513473272323608, 0.8822630047798157, 0.8948066830635071, 0.8539918661117554, 0.8851897120475769, 0.8418508768081665, 0.8780828714370728, 0.878097414970398, 0.8564177751541138, 0.8837600946426392, 0.8906065821647644, 0.8842423558235168, 0.8983061909675598, 0.8793586492538452, 0.8964177966117859, 0.8931875228881836, 0.8979361653327942, 0.8899942636489868], "val_iou_metric": [0.5256219506263733, 0.6016539335250854, 0.6406176686286926, 0.6251305341720581, 0.6766124963760376, 0.7008862495422363, 0.6904330253601074, 0.6916419267654419, 0.7119146585464478, 0.7601658701896667, 0.694808840751648, 0.7585710883140564, 0.7725509405136108, 0.7556784749031067, 0.7680009603500366, 0.7959169149398804, 0.7594830989837646, 0.7427237629890442, 0.8049283027648926, 0.7593035101890564, 0.7724481225013733, 0.7743438482284546, 0.7496941089630127, 0.7921013832092285, 0.8115487098693848, 0.7526228427886963, 0.7962520718574524, 0.7358919382095337, 0.7869120836257935, 0.7874364852905273, 0.7572985291481018, 0.794870138168335, 0.8053818941116333, 0.7959689497947693, 0.8166271448135376, 0.7893775105476379, 0.814139723777771, 0.8087498545646667, 0.8166171908378601, 0.8044678568840027], "val_loss": [0.4317552149295807, 0.3432078957557678, 0.31684553623199463, 0.30983850359916687, 0.27007508277893066, 0.2574070990085602, 0.2587297260761261, 0.25840964913368225, 0.2387014925479889, 0.19226746261119843, 0.2681880295276642, 0.20108190178871155, 0.18328821659088135, 0.20788460969924927, 0.19377020001411438, 0.1660173535346985, 0.20291022956371307, 0.2181684374809265, 0.1559940129518509, 0.20456385612487793, 0.19355690479278564, 0.18995080888271332, 0.2223987579345703, 0.17554016411304474, 0.15823526680469513, 0.22390417754650116, 0.17257027328014374, 0.23904447257518768, 0.18633399903774261, 0.18796324729919434, 0.22310146689414978, 0.18009650707244873, 0.17127592861652374, 0.18150024116039276, 0.16001833975315094, 0.1891949474811554, 0.1624213308095932, 0.1677245795726776, 0.16146381199359894, 0.17496608197689056]}