{"dice_coef": [0.5895415544509888, 0.7618967890739441, 0.7929686903953552, 0.8392974138259888, 0.8532204627990723, 0.8738439679145813, 0.8889613747596741, 0.9012851119041443, 0.9012129306793213, 0.9173409342765808, 0.9206935167312622, 0.7951499819755554, 0.8821432590484619, 0.9014014601707458, 0.8611162900924683, 0.9034345746040344, 0.9159923791885376, 0.9229497909545898, 0.9296937584877014, 0.9346733689308167], "iou_metric": [0.4379051625728607, 0.6164059638977051, 0.6582726836204529, 0.7234400510787964, 0.7447560429573059, 0.7762196660041809, 0.8003078103065491, 0.8204349875450134, 0.820466935634613, 0.8474199175834656, 0.8531445264816284, 0.6670160293579102, 0.7894556522369385, 0.8207285404205322, 0.7581163048744202, 0.8242297768592834, 0.8450966477394104, 0.8570539951324463, 0.868677020072937, 0.8773956894874573], "loss": [0.5765642523765564, 0.324760377407074, 0.2876918315887451, 0.22233149409294128, 0.20783045887947083, 0.17561665177345276, 0.15674975514411926, 0.13916856050491333, 0.13971564173698425, 0.11670315265655518, 0.11208382248878479, 0.29294416308403015, 0.16490034759044647, 0.13862881064414978, 0.1991255283355713, 0.13714511692523956, 0.11891220510005951, 0.10925304889678955, 0.1003246083855629, 0.09289102256298065], "val_dice_coef": [0.6682121157646179, 0.6179724931716919, 0.8003565669059753, 0.7780787348747253, 0.8417197465896606, 0.8647254705429077, 0.8761239051818848, 0.8809590935707092, 0.8754172921180725, 0.8630180358886719, 0.7902963161468506, 0.8022937774658203, 0.8694030046463013, 0.7782077789306641, 0.7811413407325745, 0.8777122497558594, 0.8518379926681519, 0.8896403908729553, 0.859359622001648, 0.8255325555801392], "val_iou_metric": [0.5088874697685242, 0.4562056064605713, 0.6731775999069214, 0.6463291049003601, 0.7347934246063232, 0.7686916589736938, 0.7863543033599854, 0.7920269966125488, 0.790090024471283, 0.7695229649543762, 0.6728370785713196, 0.6829461455345154, 0.7787429690361023, 0.6491926908493042, 0.656866729259491, 0.7931658625602722, 0.7575497031211853, 0.8103718757629395, 0.7726612687110901, 0.7206292152404785], "val_loss": [0.4505237638950348, 0.5951937437057495, 0.2633773386478424, 0.3397318124771118, 0.2150629609823227, 0.18163497745990753, 0.16457104682922363, 0.16161403059959412, 0.17008841037750244, 0.1995002031326294, 0.3543781042098999, 0.2658974826335907, 0.18315042555332184, 0.34275922179222107, 0.3001103103160858, 0.16946086287498474, 0.20636709034442902, 0.1535050868988037, 0.19926148653030396, 0.24975289404392242]}